study_period,subject,femaleID,kin
m18,Aka,Ako,0.25
m18,Aka,Anz,0.5
m18,Aka,Coc,0
m18,Aka,Har,0
m18,Aka,Hen,0
m18,Aka,Hot,0
m18,Aka,Kil,0
m18,Aka,Kit,0
m18,Aka,Koh,0
m18,Aka,Kol,0
m18,Aka,Kun,0
m18,Aka,Kur,0
m18,Aka,Mal,0
m18,Aka,Mei,0
m18,Aka,Mif,0
m18,Aka,Mik,0
m18,Aka,Ntm,0
m18,Aka,Ntr,0
m18,Aka,Tam,0
m18,Aka,Ten,0
m18,Aka,Tot,0
m18,Aka,Trt,0
m18,Ako,Aka,0.25
m18,Ako,Anz,0.125
m18,Ako,Coc,0
m18,Ako,Har,0
m18,Ako,Hen,0
m18,Ako,Hot,0
m18,Ako,Kil,0
m18,Ako,Kit,0
m18,Ako,Koh,0
m18,Ako,Kol,0
m18,Ako,Kun,0
m18,Ako,Kur,0
m18,Ako,Mal,0
m18,Ako,Mei,0
m18,Ako,Mif,0
m18,Ako,Mik,0
m18,Ako,Ntm,0
m18,Ako,Ntr,0
m18,Ako,Tam,0
m18,Ako,Ten,0
m18,Ako,Tot,0
m18,Ako,Trt,0
m18,Hen,Aka,0
m18,Hen,Ako,0
m18,Hen,Anz,0
m18,Hen,Coc,0
m18,Hen,Har,0
m18,Hen,Hot,0
m18,Hen,Kil,0
m18,Hen,Kit,0
m18,Hen,Koh,0
m18,Hen,Kol,0
m18,Hen,Kun,0
m18,Hen,Kur,0
m18,Hen,Mal,0
m18,Hen,Mei,0
m18,Hen,Mif,0
m18,Hen,Mik,0
m18,Hen,Ntm,0
m18,Hen,Ntr,0
m18,Hen,Tam,0
m18,Hen,Ten,0
m18,Hen,Tot,0
m18,Hen,Trt,0
m18,Hot,Aka,0
m18,Hot,Ako,0
m18,Hot,Anz,0
m18,Hot,Coc,0
m18,Hot,Har,0.5
m18,Hot,Hen,0
m18,Hot,Kil,0
m18,Hot,Kit,0
m18,Hot,Koh,0
m18,Hot,Kol,0
m18,Hot,Kun,0
m18,Hot,Kur,0
m18,Hot,Mal,0
m18,Hot,Mei,0
m18,Hot,Mif,0
m18,Hot,Mik,0
m18,Hot,Ntm,0
m18,Hot,Ntr,0
m18,Hot,Tam,0
m18,Hot,Ten,0
m18,Hot,Tot,0
m18,Hot,Trt,0
m18,Kil,Aka,0
m18,Kil,Ako,0
m18,Kil,Anz,0
m18,Kil,Coc,0.125
m18,Kil,Har,0
m18,Kil,Hen,0
m18,Kil,Hot,0
m18,Kil,Kit,0.5
m18,Kil,Koh,0.25
m18,Kil,Kol,0.125
m18,Kil,Kun,0.125
m18,Kil,Kur,0.25
m18,Kil,Mal,0
m18,Kil,Mei,0
m18,Kil,Mif,0
m18,Kil,Mik,0
m18,Kil,Ntm,0
m18,Kil,Ntr,0
m18,Kil,Tam,0
m18,Kil,Ten,0
m18,Kil,Tot,0
m18,Kil,Trt,0
m18,Kit,Aka,0
m18,Kit,Ako,0
m18,Kit,Anz,0
m18,Kit,Coc,0.0625
m18,Kit,Har,0
m18,Kit,Hen,0
m18,Kit,Hot,0
m18,Kit,Kil,0.5
m18,Kit,Koh,0.125
m18,Kit,Kol,0.0625
m18,Kit,Kun,0.0625
m18,Kit,Kur,0.125
m18,Kit,Mal,0
m18,Kit,Mei,0
m18,Kit,Mif,0
m18,Kit,Mik,0
m18,Kit,Ntm,0
m18,Kit,Ntr,0
m18,Kit,Tam,0
m18,Kit,Ten,0
m18,Kit,Tot,0
m18,Kit,Trt,0
m18,Koh,Aka,0
m18,Koh,Ako,0
m18,Koh,Anz,0
m18,Koh,Coc,0.5
m18,Koh,Har,0
m18,Koh,Hen,0
m18,Koh,Hot,0
m18,Koh,Kil,0.25
m18,Koh,Kit,0.125
m18,Koh,Kol,0.125
m18,Koh,Kun,0.125
m18,Koh,Kur,0.25
m18,Koh,Mal,0
m18,Koh,Mei,0
m18,Koh,Mif,0
m18,Koh,Mik,0
m18,Koh,Ntm,0
m18,Koh,Ntr,0
m18,Koh,Tam,0
m18,Koh,Ten,0
m18,Koh,Tot,0
m18,Koh,Trt,0
m18,Kol,Aka,0
m18,Kol,Ako,0
m18,Kol,Anz,0
m18,Kol,Coc,0.0625
m18,Kol,Har,0
m18,Kol,Hen,0
m18,Kol,Hot,0
m18,Kol,Kil,0.125
m18,Kol,Kit,0.0625
m18,Kol,Koh,0.125
m18,Kol,Kun,0.25
m18,Kol,Kur,0.5
m18,Kol,Mal,0
m18,Kol,Mei,0
m18,Kol,Mif,0
m18,Kol,Mik,0
m18,Kol,Ntm,0
m18,Kol,Ntr,0
m18,Kol,Tam,0
m18,Kol,Ten,0
m18,Kol,Tot,0
m18,Kol,Trt,0
m18,Kun,Aka,0
m18,Kun,Ako,0
m18,Kun,Anz,0
m18,Kun,Coc,0.0625
m18,Kun,Har,0
m18,Kun,Hen,0
m18,Kun,Hot,0
m18,Kun,Kil,0.125
m18,Kun,Kit,0.0625
m18,Kun,Koh,0.125
m18,Kun,Kol,0.25
m18,Kun,Kur,0.5
m18,Kun,Mal,0
m18,Kun,Mei,0
m18,Kun,Mif,0
m18,Kun,Mik,0
m18,Kun,Ntm,0
m18,Kun,Ntr,0
m18,Kun,Tam,0
m18,Kun,Ten,0
m18,Kun,Tot,0
m18,Kun,Trt,0
m18,Kur,Aka,0
m18,Kur,Ako,0
m18,Kur,Anz,0
m18,Kur,Coc,0.125
m18,Kur,Har,0
m18,Kur,Hen,0
m18,Kur,Hot,0
m18,Kur,Kil,0.25
m18,Kur,Kit,0.125
m18,Kur,Koh,0.25
m18,Kur,Kol,0.5
m18,Kur,Kun,0.5
m18,Kur,Mal,0
m18,Kur,Mei,0
m18,Kur,Mif,0
m18,Kur,Mik,0
m18,Kur,Ntm,0
m18,Kur,Ntr,0
m18,Kur,Tam,0
m18,Kur,Ten,0
m18,Kur,Tot,0
m18,Kur,Trt,0
m18,Mal,Aka,0
m18,Mal,Ako,0
m18,Mal,Anz,0
m18,Mal,Coc,0
m18,Mal,Har,0
m18,Mal,Hen,0
m18,Mal,Hot,0
m18,Mal,Kil,0
m18,Mal,Kit,0
m18,Mal,Koh,0
m18,Mal,Kol,0
m18,Mal,Kun,0
m18,Mal,Kur,0
m18,Mal,Mei,0.125
m18,Mal,Mif,0.25
m18,Mal,Mik,0.5
m18,Mal,Ntm,0
m18,Mal,Ntr,0
m18,Mal,Tam,0
m18,Mal,Ten,0
m18,Mal,Tot,0
m18,Mal,Trt,0
m18,Mei,Aka,0
m18,Mei,Ako,0
m18,Mei,Anz,0
m18,Mei,Coc,0
m18,Mei,Har,0
m18,Mei,Hen,0
m18,Mei,Hot,0
m18,Mei,Kil,0
m18,Mei,Kit,0
m18,Mei,Koh,0
m18,Mei,Kol,0
m18,Mei,Kun,0
m18,Mei,Kur,0
m18,Mei,Mal,0.125
m18,Mei,Mif,0.125
m18,Mei,Mik,0.25
m18,Mei,Ntm,0
m18,Mei,Ntr,0
m18,Mei,Tam,0
m18,Mei,Ten,0
m18,Mei,Tot,0
m18,Mei,Trt,0
m18,Mif,Aka,0
m18,Mif,Ako,0
m18,Mif,Anz,0
m18,Mif,Coc,0
m18,Mif,Har,0
m18,Mif,Hen,0
m18,Mif,Hot,0
m18,Mif,Kil,0
m18,Mif,Kit,0
m18,Mif,Koh,0
m18,Mif,Kol,0
m18,Mif,Kun,0
m18,Mif,Kur,0
m18,Mif,Mal,0.25
m18,Mif,Mei,0.125
m18,Mif,Mik,0.5
m18,Mif,Ntm,0
m18,Mif,Ntr,0
m18,Mif,Tam,0
m18,Mif,Ten,0
m18,Mif,Tot,0
m18,Mif,Trt,0
m18,Mik,Aka,0
m18,Mik,Ako,0
m18,Mik,Anz,0
m18,Mik,Coc,0
m18,Mik,Har,0
m18,Mik,Hen,0
m18,Mik,Hot,0
m18,Mik,Kil,0
m18,Mik,Kit,0
m18,Mik,Koh,0
m18,Mik,Kol,0
m18,Mik,Kun,0
m18,Mik,Kur,0
m18,Mik,Mal,0.5
m18,Mik,Mei,0.25
m18,Mik,Mif,0.5
m18,Mik,Ntm,0
m18,Mik,Ntr,0
m18,Mik,Tam,0
m18,Mik,Ten,0
m18,Mik,Tot,0
m18,Mik,Trt,0
m18,Ntr,Aka,0
m18,Ntr,Ako,0
m18,Ntr,Anz,0
m18,Ntr,Coc,0
m18,Ntr,Har,0
m18,Ntr,Hen,0
m18,Ntr,Hot,0
m18,Ntr,Kil,0
m18,Ntr,Kit,0
m18,Ntr,Koh,0
m18,Ntr,Kol,0
m18,Ntr,Kun,0
m18,Ntr,Kur,0
m18,Ntr,Mal,0
m18,Ntr,Mei,0
m18,Ntr,Mif,0
m18,Ntr,Mik,0
m18,Ntr,Ntm,0.5
m18,Ntr,Tam,0
m18,Ntr,Ten,0
m18,Ntr,Tot,0
m18,Ntr,Trt,0
m18,Tam,Aka,0
m18,Tam,Ako,0
m18,Tam,Anz,0
m18,Tam,Coc,0
m18,Tam,Har,0
m18,Tam,Hen,0
m18,Tam,Hot,0
m18,Tam,Kil,0
m18,Tam,Kit,0
m18,Tam,Koh,0
m18,Tam,Kol,0
m18,Tam,Kun,0
m18,Tam,Kur,0
m18,Tam,Mal,0
m18,Tam,Mei,0
m18,Tam,Mif,0
m18,Tam,Mik,0
m18,Tam,Ntm,0
m18,Tam,Ntr,0
m18,Tam,Ten,0
m18,Tam,Tot,0.25
m18,Tam,Trt,0.0625
m18,Ten,Aka,0
m18,Ten,Ako,0
m18,Ten,Anz,0
m18,Ten,Coc,0
m18,Ten,Har,0
m18,Ten,Hen,0
m18,Ten,Hot,0
m18,Ten,Kil,0
m18,Ten,Kit,0
m18,Ten,Koh,0
m18,Ten,Kol,0
m18,Ten,Kun,0
m18,Ten,Kur,0
m18,Ten,Mal,0
m18,Ten,Mei,0
m18,Ten,Mif,0
m18,Ten,Mik,0
m18,Ten,Ntm,0
m18,Ten,Ntr,0
m18,Ten,Tam,0
m18,Ten,Tot,0
m18,Ten,Trt,0
m18,Tot,Aka,0
m18,Tot,Ako,0
m18,Tot,Anz,0
m18,Tot,Coc,0
m18,Tot,Har,0
m18,Tot,Hen,0
m18,Tot,Hot,0
m18,Tot,Kil,0
m18,Tot,Kit,0
m18,Tot,Koh,0
m18,Tot,Kol,0
m18,Tot,Kun,0
m18,Tot,Kur,0
m18,Tot,Mal,0
m18,Tot,Mei,0
m18,Tot,Mif,0
m18,Tot,Mik,0
m18,Tot,Ntm,0
m18,Tot,Ntr,0
m18,Tot,Tam,0.25
m18,Tot,Ten,0
m18,Tot,Trt,0.0625
m19,Aka,Ako,0.25
m19,Aka,Anz,0.5
m19,Aka,Coc,0
m19,Aka,Har,0
m19,Aka,Hen,0
m19,Aka,Hot,0
m19,Aka,Kil,0
m19,Aka,Kit,0
m19,Aka,Koh,0
m19,Aka,Kol,0
m19,Aka,Kun,0
m19,Aka,Kur,0
m19,Aka,Mal,0
m19,Aka,Mei,0
m19,Aka,Mif,0
m19,Aka,Mik,0
m19,Aka,Ntm,0
m19,Aka,Ntr,0
m19,Aka,Tam,0
m19,Aka,Ten,0
m19,Aka,Tot,0
m19,Aka,Trt,0
m19,Ako,Aka,0.25
m19,Ako,Anz,0.125
m19,Ako,Coc,0
m19,Ako,Har,0
m19,Ako,Hen,0
m19,Ako,Hot,0
m19,Ako,Kil,0
m19,Ako,Kit,0
m19,Ako,Koh,0
m19,Ako,Kol,0
m19,Ako,Kun,0
m19,Ako,Kur,0
m19,Ako,Mal,0
m19,Ako,Mei,0
m19,Ako,Mif,0
m19,Ako,Mik,0
m19,Ako,Ntm,0
m19,Ako,Ntr,0
m19,Ako,Tam,0
m19,Ako,Ten,0
m19,Ako,Tot,0
m19,Ako,Trt,0
m19,Hen,Aka,0
m19,Hen,Ako,0
m19,Hen,Anz,0
m19,Hen,Coc,0
m19,Hen,Har,0
m19,Hen,Hot,0
m19,Hen,Kil,0
m19,Hen,Kit,0
m19,Hen,Koh,0
m19,Hen,Kol,0
m19,Hen,Kun,0
m19,Hen,Kur,0
m19,Hen,Mal,0
m19,Hen,Mei,0
m19,Hen,Mif,0
m19,Hen,Mik,0
m19,Hen,Ntm,0
m19,Hen,Ntr,0
m19,Hen,Tam,0
m19,Hen,Ten,0
m19,Hen,Tot,0
m19,Hen,Trt,0
m19,Hot,Aka,0
m19,Hot,Ako,0
m19,Hot,Anz,0
m19,Hot,Coc,0
m19,Hot,Har,0.5
m19,Hot,Hen,0
m19,Hot,Kil,0
m19,Hot,Kit,0
m19,Hot,Koh,0
m19,Hot,Kol,0
m19,Hot,Kun,0
m19,Hot,Kur,0
m19,Hot,Mal,0
m19,Hot,Mei,0
m19,Hot,Mif,0
m19,Hot,Mik,0
m19,Hot,Ntm,0
m19,Hot,Ntr,0
m19,Hot,Tam,0
m19,Hot,Ten,0
m19,Hot,Tot,0
m19,Hot,Trt,0
m19,Kil,Aka,0
m19,Kil,Ako,0
m19,Kil,Anz,0
m19,Kil,Coc,0.125
m19,Kil,Har,0
m19,Kil,Hen,0
m19,Kil,Hot,0
m19,Kil,Kit,0.5
m19,Kil,Koh,0.25
m19,Kil,Kol,0.125
m19,Kil,Kun,0.125
m19,Kil,Kur,0.25
m19,Kil,Mal,0
m19,Kil,Mei,0
m19,Kil,Mif,0
m19,Kil,Mik,0
m19,Kil,Ntm,0
m19,Kil,Ntr,0
m19,Kil,Tam,0
m19,Kil,Ten,0
m19,Kil,Tot,0
m19,Kil,Trt,0
m19,Kit,Aka,0
m19,Kit,Ako,0
m19,Kit,Anz,0
m19,Kit,Coc,0.0625
m19,Kit,Har,0
m19,Kit,Hen,0
m19,Kit,Hot,0
m19,Kit,Kil,0.5
m19,Kit,Koh,0.125
m19,Kit,Kol,0.0625
m19,Kit,Kun,0.0625
m19,Kit,Kur,0.125
m19,Kit,Mal,0
m19,Kit,Mei,0
m19,Kit,Mif,0
m19,Kit,Mik,0
m19,Kit,Ntm,0
m19,Kit,Ntr,0
m19,Kit,Tam,0
m19,Kit,Ten,0
m19,Kit,Tot,0
m19,Kit,Trt,0
m19,Koh,Aka,0
m19,Koh,Ako,0
m19,Koh,Anz,0
m19,Koh,Coc,0.5
m19,Koh,Har,0
m19,Koh,Hen,0
m19,Koh,Hot,0
m19,Koh,Kil,0.25
m19,Koh,Kit,0.125
m19,Koh,Kol,0.125
m19,Koh,Kun,0.125
m19,Koh,Kur,0.25
m19,Koh,Mal,0
m19,Koh,Mei,0
m19,Koh,Mif,0
m19,Koh,Mik,0
m19,Koh,Ntm,0
m19,Koh,Ntr,0
m19,Koh,Tam,0
m19,Koh,Ten,0
m19,Koh,Tot,0
m19,Koh,Trt,0
m19,Kol,Aka,0
m19,Kol,Ako,0
m19,Kol,Anz,0
m19,Kol,Coc,0.0625
m19,Kol,Har,0
m19,Kol,Hen,0
m19,Kol,Hot,0
m19,Kol,Kil,0.125
m19,Kol,Kit,0.0625
m19,Kol,Koh,0.125
m19,Kol,Kun,0.25
m19,Kol,Kur,0.5
m19,Kol,Mal,0
m19,Kol,Mei,0
m19,Kol,Mif,0
m19,Kol,Mik,0
m19,Kol,Ntm,0
m19,Kol,Ntr,0
m19,Kol,Tam,0
m19,Kol,Ten,0
m19,Kol,Tot,0
m19,Kol,Trt,0
m19,Kun,Aka,0
m19,Kun,Ako,0
m19,Kun,Anz,0
m19,Kun,Coc,0.0625
m19,Kun,Har,0
m19,Kun,Hen,0
m19,Kun,Hot,0
m19,Kun,Kil,0.125
m19,Kun,Kit,0.0625
m19,Kun,Koh,0.125
m19,Kun,Kol,0.25
m19,Kun,Kur,0.5
m19,Kun,Mal,0
m19,Kun,Mei,0
m19,Kun,Mif,0
m19,Kun,Mik,0
m19,Kun,Ntm,0
m19,Kun,Ntr,0
m19,Kun,Tam,0
m19,Kun,Ten,0
m19,Kun,Tot,0
m19,Kun,Trt,0
m19,Kur,Aka,0
m19,Kur,Ako,0
m19,Kur,Anz,0
m19,Kur,Coc,0.125
m19,Kur,Har,0
m19,Kur,Hen,0
m19,Kur,Hot,0
m19,Kur,Kil,0.25
m19,Kur,Kit,0.125
m19,Kur,Koh,0.25
m19,Kur,Kol,0.5
m19,Kur,Kun,0.5
m19,Kur,Mal,0
m19,Kur,Mei,0
m19,Kur,Mif,0
m19,Kur,Mik,0
m19,Kur,Ntm,0
m19,Kur,Ntr,0
m19,Kur,Tam,0
m19,Kur,Ten,0
m19,Kur,Tot,0
m19,Kur,Trt,0
m19,Mal,Aka,0
m19,Mal,Ako,0
m19,Mal,Anz,0
m19,Mal,Coc,0
m19,Mal,Har,0
m19,Mal,Hen,0
m19,Mal,Hot,0
m19,Mal,Kil,0
m19,Mal,Kit,0
m19,Mal,Koh,0
m19,Mal,Kol,0
m19,Mal,Kun,0
m19,Mal,Kur,0
m19,Mal,Mei,0.125
m19,Mal,Mif,0.25
m19,Mal,Mik,0.5
m19,Mal,Ntm,0
m19,Mal,Ntr,0
m19,Mal,Tam,0
m19,Mal,Ten,0
m19,Mal,Tot,0
m19,Mal,Trt,0
m19,Mei,Aka,0
m19,Mei,Ako,0
m19,Mei,Anz,0
m19,Mei,Coc,0
m19,Mei,Har,0
m19,Mei,Hen,0
m19,Mei,Hot,0
m19,Mei,Kil,0
m19,Mei,Kit,0
m19,Mei,Koh,0
m19,Mei,Kol,0
m19,Mei,Kun,0
m19,Mei,Kur,0
m19,Mei,Mal,0.125
m19,Mei,Mif,0.125
m19,Mei,Mik,0.25
m19,Mei,Ntm,0
m19,Mei,Ntr,0
m19,Mei,Tam,0
m19,Mei,Ten,0
m19,Mei,Tot,0
m19,Mei,Trt,0
m19,Mif,Aka,0
m19,Mif,Ako,0
m19,Mif,Anz,0
m19,Mif,Coc,0
m19,Mif,Har,0
m19,Mif,Hen,0
m19,Mif,Hot,0
m19,Mif,Kil,0
m19,Mif,Kit,0
m19,Mif,Koh,0
m19,Mif,Kol,0
m19,Mif,Kun,0
m19,Mif,Kur,0
m19,Mif,Mal,0.25
m19,Mif,Mei,0.125
m19,Mif,Mik,0.5
m19,Mif,Ntm,0
m19,Mif,Ntr,0
m19,Mif,Tam,0
m19,Mif,Ten,0
m19,Mif,Tot,0
m19,Mif,Trt,0
m19,Mik,Aka,0
m19,Mik,Ako,0
m19,Mik,Anz,0
m19,Mik,Coc,0
m19,Mik,Har,0
m19,Mik,Hen,0
m19,Mik,Hot,0
m19,Mik,Kil,0
m19,Mik,Kit,0
m19,Mik,Koh,0
m19,Mik,Kol,0
m19,Mik,Kun,0
m19,Mik,Kur,0
m19,Mik,Mal,0.5
m19,Mik,Mei,0.25
m19,Mik,Mif,0.5
m19,Mik,Ntm,0
m19,Mik,Ntr,0
m19,Mik,Tam,0
m19,Mik,Ten,0
m19,Mik,Tot,0
m19,Mik,Trt,0
m19,Ntr,Aka,0
m19,Ntr,Ako,0
m19,Ntr,Anz,0
m19,Ntr,Coc,0
m19,Ntr,Har,0
m19,Ntr,Hen,0
m19,Ntr,Hot,0
m19,Ntr,Kil,0
m19,Ntr,Kit,0
m19,Ntr,Koh,0
m19,Ntr,Kol,0
m19,Ntr,Kun,0
m19,Ntr,Kur,0
m19,Ntr,Mal,0
m19,Ntr,Mei,0
m19,Ntr,Mif,0
m19,Ntr,Mik,0
m19,Ntr,Ntm,0.5
m19,Ntr,Tam,0
m19,Ntr,Ten,0
m19,Ntr,Tot,0
m19,Ntr,Trt,0
m19,Tam,Aka,0
m19,Tam,Ako,0
m19,Tam,Anz,0
m19,Tam,Coc,0
m19,Tam,Har,0
m19,Tam,Hen,0
m19,Tam,Hot,0
m19,Tam,Kil,0
m19,Tam,Kit,0
m19,Tam,Koh,0
m19,Tam,Kol,0
m19,Tam,Kun,0
m19,Tam,Kur,0
m19,Tam,Mal,0
m19,Tam,Mei,0
m19,Tam,Mif,0
m19,Tam,Mik,0
m19,Tam,Ntm,0
m19,Tam,Ntr,0
m19,Tam,Ten,0
m19,Tam,Tot,0.25
m19,Tam,Trt,0.0625
m19,Ten,Aka,0
m19,Ten,Ako,0
m19,Ten,Anz,0
m19,Ten,Coc,0
m19,Ten,Har,0
m19,Ten,Hen,0
m19,Ten,Hot,0
m19,Ten,Kil,0
m19,Ten,Kit,0
m19,Ten,Koh,0
m19,Ten,Kol,0
m19,Ten,Kun,0
m19,Ten,Kur,0
m19,Ten,Mal,0
m19,Ten,Mei,0
m19,Ten,Mif,0
m19,Ten,Mik,0
m19,Ten,Ntm,0
m19,Ten,Ntr,0
m19,Ten,Tam,0
m19,Ten,Tot,0
m19,Ten,Trt,0
m19,Tot,Aka,0
m19,Tot,Ako,0
m19,Tot,Anz,0
m19,Tot,Coc,0
m19,Tot,Har,0
m19,Tot,Hen,0
m19,Tot,Hot,0
m19,Tot,Kil,0
m19,Tot,Kit,0
m19,Tot,Koh,0
m19,Tot,Kol,0
m19,Tot,Kun,0
m19,Tot,Kur,0
m19,Tot,Mal,0
m19,Tot,Mei,0
m19,Tot,Mif,0
m19,Tot,Mik,0
m19,Tot,Ntm,0
m19,Tot,Ntr,0
m19,Tot,Tam,0.25
m19,Tot,Ten,0
m19,Tot,Trt,0.0625
m20,Aka,Ako,0.25
m20,Aka,Anz,0.5
m20,Aka,Coc,0
m20,Aka,Har,0
m20,Aka,Hen,0
m20,Aka,Hot,0
m20,Aka,Kil,0
m20,Aka,Kit,0
m20,Aka,Koh,0
m20,Aka,Kol,0
m20,Aka,Kun,0
m20,Aka,Kur,0
m20,Aka,Mal,0
m20,Aka,Mei,0
m20,Aka,Mif,0
m20,Aka,Mik,0
m20,Aka,Ntm,0
m20,Aka,Ntr,0
m20,Aka,Tam,0
m20,Aka,Ten,0
m20,Aka,Tot,0
m20,Aka,Trt,0
m20,Ako,Aka,0.25
m20,Ako,Anz,0.125
m20,Ako,Coc,0
m20,Ako,Har,0
m20,Ako,Hen,0
m20,Ako,Hot,0
m20,Ako,Kil,0
m20,Ako,Kit,0
m20,Ako,Koh,0
m20,Ako,Kol,0
m20,Ako,Kun,0
m20,Ako,Kur,0
m20,Ako,Mal,0
m20,Ako,Mei,0
m20,Ako,Mif,0
m20,Ako,Mik,0
m20,Ako,Ntm,0
m20,Ako,Ntr,0
m20,Ako,Tam,0
m20,Ako,Ten,0
m20,Ako,Tot,0
m20,Ako,Trt,0
m20,Hen,Aka,0
m20,Hen,Ako,0
m20,Hen,Anz,0
m20,Hen,Coc,0
m20,Hen,Har,0
m20,Hen,Hot,0
m20,Hen,Kil,0
m20,Hen,Kit,0
m20,Hen,Koh,0
m20,Hen,Kol,0
m20,Hen,Kun,0
m20,Hen,Kur,0
m20,Hen,Mal,0
m20,Hen,Mei,0
m20,Hen,Mif,0
m20,Hen,Mik,0
m20,Hen,Ntm,0
m20,Hen,Ntr,0
m20,Hen,Tam,0
m20,Hen,Ten,0
m20,Hen,Tot,0
m20,Hen,Trt,0
m20,Hot,Aka,0
m20,Hot,Ako,0
m20,Hot,Anz,0
m20,Hot,Coc,0
m20,Hot,Har,0.5
m20,Hot,Hen,0
m20,Hot,Kil,0
m20,Hot,Kit,0
m20,Hot,Koh,0
m20,Hot,Kol,0
m20,Hot,Kun,0
m20,Hot,Kur,0
m20,Hot,Mal,0
m20,Hot,Mei,0
m20,Hot,Mif,0
m20,Hot,Mik,0
m20,Hot,Ntm,0
m20,Hot,Ntr,0
m20,Hot,Tam,0
m20,Hot,Ten,0
m20,Hot,Tot,0
m20,Hot,Trt,0
m20,Kil,Aka,0
m20,Kil,Ako,0
m20,Kil,Anz,0
m20,Kil,Coc,0.125
m20,Kil,Har,0
m20,Kil,Hen,0
m20,Kil,Hot,0
m20,Kil,Kit,0.5
m20,Kil,Koh,0.25
m20,Kil,Kol,0.125
m20,Kil,Kun,0.125
m20,Kil,Kur,0.25
m20,Kil,Mal,0
m20,Kil,Mei,0
m20,Kil,Mif,0
m20,Kil,Mik,0
m20,Kil,Ntm,0
m20,Kil,Ntr,0
m20,Kil,Tam,0
m20,Kil,Ten,0
m20,Kil,Tot,0
m20,Kil,Trt,0
m20,Kit,Aka,0
m20,Kit,Ako,0
m20,Kit,Anz,0
m20,Kit,Coc,0.0625
m20,Kit,Har,0
m20,Kit,Hen,0
m20,Kit,Hot,0
m20,Kit,Kil,0.5
m20,Kit,Koh,0.125
m20,Kit,Kol,0.0625
m20,Kit,Kun,0.0625
m20,Kit,Kur,0.125
m20,Kit,Mal,0
m20,Kit,Mei,0
m20,Kit,Mif,0
m20,Kit,Mik,0
m20,Kit,Ntm,0
m20,Kit,Ntr,0
m20,Kit,Tam,0
m20,Kit,Ten,0
m20,Kit,Tot,0
m20,Kit,Trt,0
m20,Koh,Aka,0
m20,Koh,Ako,0
m20,Koh,Anz,0
m20,Koh,Coc,0.5
m20,Koh,Har,0
m20,Koh,Hen,0
m20,Koh,Hot,0
m20,Koh,Kil,0.25
m20,Koh,Kit,0.125
m20,Koh,Kol,0.125
m20,Koh,Kun,0.125
m20,Koh,Kur,0.25
m20,Koh,Mal,0
m20,Koh,Mei,0
m20,Koh,Mif,0
m20,Koh,Mik,0
m20,Koh,Ntm,0
m20,Koh,Ntr,0
m20,Koh,Tam,0
m20,Koh,Ten,0
m20,Koh,Tot,0
m20,Koh,Trt,0
m20,Kol,Aka,0
m20,Kol,Ako,0
m20,Kol,Anz,0
m20,Kol,Coc,0.0625
m20,Kol,Har,0
m20,Kol,Hen,0
m20,Kol,Hot,0
m20,Kol,Kil,0.125
m20,Kol,Kit,0.0625
m20,Kol,Koh,0.125
m20,Kol,Kun,0.25
m20,Kol,Kur,0.5
m20,Kol,Mal,0
m20,Kol,Mei,0
m20,Kol,Mif,0
m20,Kol,Mik,0
m20,Kol,Ntm,0
m20,Kol,Ntr,0
m20,Kol,Tam,0
m20,Kol,Ten,0
m20,Kol,Tot,0
m20,Kol,Trt,0
m20,Kun,Aka,0
m20,Kun,Ako,0
m20,Kun,Anz,0
m20,Kun,Coc,0.0625
m20,Kun,Har,0
m20,Kun,Hen,0
m20,Kun,Hot,0
m20,Kun,Kil,0.125
m20,Kun,Kit,0.0625
m20,Kun,Koh,0.125
m20,Kun,Kol,0.25
m20,Kun,Kur,0.5
m20,Kun,Mal,0
m20,Kun,Mei,0
m20,Kun,Mif,0
m20,Kun,Mik,0
m20,Kun,Ntm,0
m20,Kun,Ntr,0
m20,Kun,Tam,0
m20,Kun,Ten,0
m20,Kun,Tot,0
m20,Kun,Trt,0
m20,Kur,Aka,0
m20,Kur,Ako,0
m20,Kur,Anz,0
m20,Kur,Coc,0.125
m20,Kur,Har,0
m20,Kur,Hen,0
m20,Kur,Hot,0
m20,Kur,Kil,0.25
m20,Kur,Kit,0.125
m20,Kur,Koh,0.25
m20,Kur,Kol,0.5
m20,Kur,Kun,0.5
m20,Kur,Mal,0
m20,Kur,Mei,0
m20,Kur,Mif,0
m20,Kur,Mik,0
m20,Kur,Ntm,0
m20,Kur,Ntr,0
m20,Kur,Tam,0
m20,Kur,Ten,0
m20,Kur,Tot,0
m20,Kur,Trt,0
m20,Mal,Aka,0
m20,Mal,Ako,0
m20,Mal,Anz,0
m20,Mal,Coc,0
m20,Mal,Har,0
m20,Mal,Hen,0
m20,Mal,Hot,0
m20,Mal,Kil,0
m20,Mal,Kit,0
m20,Mal,Koh,0
m20,Mal,Kol,0
m20,Mal,Kun,0
m20,Mal,Kur,0
m20,Mal,Mei,0.125
m20,Mal,Mif,0.25
m20,Mal,Mik,0.5
m20,Mal,Ntm,0
m20,Mal,Ntr,0
m20,Mal,Tam,0
m20,Mal,Ten,0
m20,Mal,Tot,0
m20,Mal,Trt,0
m20,Mei,Aka,0
m20,Mei,Ako,0
m20,Mei,Anz,0
m20,Mei,Coc,0
m20,Mei,Har,0
m20,Mei,Hen,0
m20,Mei,Hot,0
m20,Mei,Kil,0
m20,Mei,Kit,0
m20,Mei,Koh,0
m20,Mei,Kol,0
m20,Mei,Kun,0
m20,Mei,Kur,0
m20,Mei,Mal,0.125
m20,Mei,Mif,0.125
m20,Mei,Mik,0.25
m20,Mei,Ntm,0
m20,Mei,Ntr,0
m20,Mei,Tam,0
m20,Mei,Ten,0
m20,Mei,Tot,0
m20,Mei,Trt,0
m20,Mif,Aka,0
m20,Mif,Ako,0
m20,Mif,Anz,0
m20,Mif,Coc,0
m20,Mif,Har,0
m20,Mif,Hen,0
m20,Mif,Hot,0
m20,Mif,Kil,0
m20,Mif,Kit,0
m20,Mif,Koh,0
m20,Mif,Kol,0
m20,Mif,Kun,0
m20,Mif,Kur,0
m20,Mif,Mal,0.25
m20,Mif,Mei,0.125
m20,Mif,Mik,0.5
m20,Mif,Ntm,0
m20,Mif,Ntr,0
m20,Mif,Tam,0
m20,Mif,Ten,0
m20,Mif,Tot,0
m20,Mif,Trt,0
m20,Mik,Aka,0
m20,Mik,Ako,0
m20,Mik,Anz,0
m20,Mik,Coc,0
m20,Mik,Har,0
m20,Mik,Hen,0
m20,Mik,Hot,0
m20,Mik,Kil,0
m20,Mik,Kit,0
m20,Mik,Koh,0
m20,Mik,Kol,0
m20,Mik,Kun,0
m20,Mik,Kur,0
m20,Mik,Mal,0.5
m20,Mik,Mei,0.25
m20,Mik,Mif,0.5
m20,Mik,Ntm,0
m20,Mik,Ntr,0
m20,Mik,Tam,0
m20,Mik,Ten,0
m20,Mik,Tot,0
m20,Mik,Trt,0
m20,Ntr,Aka,0
m20,Ntr,Ako,0
m20,Ntr,Anz,0
m20,Ntr,Coc,0
m20,Ntr,Har,0
m20,Ntr,Hen,0
m20,Ntr,Hot,0
m20,Ntr,Kil,0
m20,Ntr,Kit,0
m20,Ntr,Koh,0
m20,Ntr,Kol,0
m20,Ntr,Kun,0
m20,Ntr,Kur,0
m20,Ntr,Mal,0
m20,Ntr,Mei,0
m20,Ntr,Mif,0
m20,Ntr,Mik,0
m20,Ntr,Ntm,0.5
m20,Ntr,Tam,0
m20,Ntr,Ten,0
m20,Ntr,Tot,0
m20,Ntr,Trt,0
m20,Tam,Aka,0
m20,Tam,Ako,0
m20,Tam,Anz,0
m20,Tam,Coc,0
m20,Tam,Har,0
m20,Tam,Hen,0
m20,Tam,Hot,0
m20,Tam,Kil,0
m20,Tam,Kit,0
m20,Tam,Koh,0
m20,Tam,Kol,0
m20,Tam,Kun,0
m20,Tam,Kur,0
m20,Tam,Mal,0
m20,Tam,Mei,0
m20,Tam,Mif,0
m20,Tam,Mik,0
m20,Tam,Ntm,0
m20,Tam,Ntr,0
m20,Tam,Ten,0
m20,Tam,Tot,0.25
m20,Tam,Trt,0.0625
m20,Ten,Aka,0
m20,Ten,Ako,0
m20,Ten,Anz,0
m20,Ten,Coc,0
m20,Ten,Har,0
m20,Ten,Hen,0
m20,Ten,Hot,0
m20,Ten,Kil,0
m20,Ten,Kit,0
m20,Ten,Koh,0
m20,Ten,Kol,0
m20,Ten,Kun,0
m20,Ten,Kur,0
m20,Ten,Mal,0
m20,Ten,Mei,0
m20,Ten,Mif,0
m20,Ten,Mik,0
m20,Ten,Ntm,0
m20,Ten,Ntr,0
m20,Ten,Tam,0
m20,Ten,Tot,0
m20,Ten,Trt,0
m20,Tot,Aka,0
m20,Tot,Ako,0
m20,Tot,Anz,0
m20,Tot,Coc,0
m20,Tot,Har,0
m20,Tot,Hen,0
m20,Tot,Hot,0
m20,Tot,Kil,0
m20,Tot,Kit,0
m20,Tot,Koh,0
m20,Tot,Kol,0
m20,Tot,Kun,0
m20,Tot,Kur,0
m20,Tot,Mal,0
m20,Tot,Mei,0
m20,Tot,Mif,0
m20,Tot,Mik,0
m20,Tot,Ntm,0
m20,Tot,Ntr,0
m20,Tot,Tam,0.25
m20,Tot,Ten,0
m20,Tot,Trt,0.0625
m21,Aka,Ako,0.25
m21,Aka,Anz,0.5
m21,Aka,Coc,0
m21,Aka,Har,0
m21,Aka,Hen,0
m21,Aka,Hot,0
m21,Aka,Kil,0
m21,Aka,Kit,0
m21,Aka,Koh,0
m21,Aka,Kol,0
m21,Aka,Kun,0
m21,Aka,Kur,0
m21,Aka,Mal,0
m21,Aka,Mei,0
m21,Aka,Mif,0
m21,Aka,Mik,0
m21,Aka,Ntm,0
m21,Aka,Ntr,0
m21,Aka,Tam,0
m21,Aka,Ten,0
m21,Aka,Tot,0
m21,Aka,Trt,0
m21,Ako,Aka,0.25
m21,Ako,Anz,0.125
m21,Ako,Coc,0
m21,Ako,Har,0
m21,Ako,Hen,0
m21,Ako,Hot,0
m21,Ako,Kil,0
m21,Ako,Kit,0
m21,Ako,Koh,0
m21,Ako,Kol,0
m21,Ako,Kun,0
m21,Ako,Kur,0
m21,Ako,Mal,0
m21,Ako,Mei,0
m21,Ako,Mif,0
m21,Ako,Mik,0
m21,Ako,Ntm,0
m21,Ako,Ntr,0
m21,Ako,Tam,0
m21,Ako,Ten,0
m21,Ako,Tot,0
m21,Ako,Trt,0
m21,Hen,Aka,0
m21,Hen,Ako,0
m21,Hen,Anz,0
m21,Hen,Coc,0
m21,Hen,Har,0
m21,Hen,Hot,0
m21,Hen,Kil,0
m21,Hen,Kit,0
m21,Hen,Koh,0
m21,Hen,Kol,0
m21,Hen,Kun,0
m21,Hen,Kur,0
m21,Hen,Mal,0
m21,Hen,Mei,0
m21,Hen,Mif,0
m21,Hen,Mik,0
m21,Hen,Ntm,0
m21,Hen,Ntr,0
m21,Hen,Tam,0
m21,Hen,Ten,0
m21,Hen,Tot,0
m21,Hen,Trt,0
m21,Hot,Aka,0
m21,Hot,Ako,0
m21,Hot,Anz,0
m21,Hot,Coc,0
m21,Hot,Har,0.5
m21,Hot,Hen,0
m21,Hot,Kil,0
m21,Hot,Kit,0
m21,Hot,Koh,0
m21,Hot,Kol,0
m21,Hot,Kun,0
m21,Hot,Kur,0
m21,Hot,Mal,0
m21,Hot,Mei,0
m21,Hot,Mif,0
m21,Hot,Mik,0
m21,Hot,Ntm,0
m21,Hot,Ntr,0
m21,Hot,Tam,0
m21,Hot,Ten,0
m21,Hot,Tot,0
m21,Hot,Trt,0
m21,Kil,Aka,0
m21,Kil,Ako,0
m21,Kil,Anz,0
m21,Kil,Coc,0.125
m21,Kil,Har,0
m21,Kil,Hen,0
m21,Kil,Hot,0
m21,Kil,Kit,0.5
m21,Kil,Koh,0.25
m21,Kil,Kol,0.125
m21,Kil,Kun,0.125
m21,Kil,Kur,0.25
m21,Kil,Mal,0
m21,Kil,Mei,0
m21,Kil,Mif,0
m21,Kil,Mik,0
m21,Kil,Ntm,0
m21,Kil,Ntr,0
m21,Kil,Tam,0
m21,Kil,Ten,0
m21,Kil,Tot,0
m21,Kil,Trt,0
m21,Kit,Aka,0
m21,Kit,Ako,0
m21,Kit,Anz,0
m21,Kit,Coc,0.0625
m21,Kit,Har,0
m21,Kit,Hen,0
m21,Kit,Hot,0
m21,Kit,Kil,0.5
m21,Kit,Koh,0.125
m21,Kit,Kol,0.0625
m21,Kit,Kun,0.0625
m21,Kit,Kur,0.125
m21,Kit,Mal,0
m21,Kit,Mei,0
m21,Kit,Mif,0
m21,Kit,Mik,0
m21,Kit,Ntm,0
m21,Kit,Ntr,0
m21,Kit,Tam,0
m21,Kit,Ten,0
m21,Kit,Tot,0
m21,Kit,Trt,0
m21,Koh,Aka,0
m21,Koh,Ako,0
m21,Koh,Anz,0
m21,Koh,Coc,0.5
m21,Koh,Har,0
m21,Koh,Hen,0
m21,Koh,Hot,0
m21,Koh,Kil,0.25
m21,Koh,Kit,0.125
m21,Koh,Kol,0.125
m21,Koh,Kun,0.125
m21,Koh,Kur,0.25
m21,Koh,Mal,0
m21,Koh,Mei,0
m21,Koh,Mif,0
m21,Koh,Mik,0
m21,Koh,Ntm,0
m21,Koh,Ntr,0
m21,Koh,Tam,0
m21,Koh,Ten,0
m21,Koh,Tot,0
m21,Koh,Trt,0
m21,Kol,Aka,0
m21,Kol,Ako,0
m21,Kol,Anz,0
m21,Kol,Coc,0.0625
m21,Kol,Har,0
m21,Kol,Hen,0
m21,Kol,Hot,0
m21,Kol,Kil,0.125
m21,Kol,Kit,0.0625
m21,Kol,Koh,0.125
m21,Kol,Kun,0.25
m21,Kol,Kur,0.5
m21,Kol,Mal,0
m21,Kol,Mei,0
m21,Kol,Mif,0
m21,Kol,Mik,0
m21,Kol,Ntm,0
m21,Kol,Ntr,0
m21,Kol,Tam,0
m21,Kol,Ten,0
m21,Kol,Tot,0
m21,Kol,Trt,0
m21,Kun,Aka,0
m21,Kun,Ako,0
m21,Kun,Anz,0
m21,Kun,Coc,0.0625
m21,Kun,Har,0
m21,Kun,Hen,0
m21,Kun,Hot,0
m21,Kun,Kil,0.125
m21,Kun,Kit,0.0625
m21,Kun,Koh,0.125
m21,Kun,Kol,0.25
m21,Kun,Kur,0.5
m21,Kun,Mal,0
m21,Kun,Mei,0
m21,Kun,Mif,0
m21,Kun,Mik,0
m21,Kun,Ntm,0
m21,Kun,Ntr,0
m21,Kun,Tam,0
m21,Kun,Ten,0
m21,Kun,Tot,0
m21,Kun,Trt,0
m21,Kur,Aka,0
m21,Kur,Ako,0
m21,Kur,Anz,0
m21,Kur,Coc,0.125
m21,Kur,Har,0
m21,Kur,Hen,0
m21,Kur,Hot,0
m21,Kur,Kil,0.25
m21,Kur,Kit,0.125
m21,Kur,Koh,0.25
m21,Kur,Kol,0.5
m21,Kur,Kun,0.5
m21,Kur,Mal,0
m21,Kur,Mei,0
m21,Kur,Mif,0
m21,Kur,Mik,0
m21,Kur,Ntm,0
m21,Kur,Ntr,0
m21,Kur,Tam,0
m21,Kur,Ten,0
m21,Kur,Tot,0
m21,Kur,Trt,0
m21,Mal,Aka,0
m21,Mal,Ako,0
m21,Mal,Anz,0
m21,Mal,Coc,0
m21,Mal,Har,0
m21,Mal,Hen,0
m21,Mal,Hot,0
m21,Mal,Kil,0
m21,Mal,Kit,0
m21,Mal,Koh,0
m21,Mal,Kol,0
m21,Mal,Kun,0
m21,Mal,Kur,0
m21,Mal,Mei,0.125
m21,Mal,Mif,0.25
m21,Mal,Mik,0.5
m21,Mal,Ntm,0
m21,Mal,Ntr,0
m21,Mal,Tam,0
m21,Mal,Ten,0
m21,Mal,Tot,0
m21,Mal,Trt,0
m21,Mei,Aka,0
m21,Mei,Ako,0
m21,Mei,Anz,0
m21,Mei,Coc,0
m21,Mei,Har,0
m21,Mei,Hen,0
m21,Mei,Hot,0
m21,Mei,Kil,0
m21,Mei,Kit,0
m21,Mei,Koh,0
m21,Mei,Kol,0
m21,Mei,Kun,0
m21,Mei,Kur,0
m21,Mei,Mal,0.125
m21,Mei,Mif,0.125
m21,Mei,Mik,0.25
m21,Mei,Ntm,0
m21,Mei,Ntr,0
m21,Mei,Tam,0
m21,Mei,Ten,0
m21,Mei,Tot,0
m21,Mei,Trt,0
m21,Mif,Aka,0
m21,Mif,Ako,0
m21,Mif,Anz,0
m21,Mif,Coc,0
m21,Mif,Har,0
m21,Mif,Hen,0
m21,Mif,Hot,0
m21,Mif,Kil,0
m21,Mif,Kit,0
m21,Mif,Koh,0
m21,Mif,Kol,0
m21,Mif,Kun,0
m21,Mif,Kur,0
m21,Mif,Mal,0.25
m21,Mif,Mei,0.125
m21,Mif,Mik,0.5
m21,Mif,Ntm,0
m21,Mif,Ntr,0
m21,Mif,Tam,0
m21,Mif,Ten,0
m21,Mif,Tot,0
m21,Mif,Trt,0
m21,Mik,Aka,0
m21,Mik,Ako,0
m21,Mik,Anz,0
m21,Mik,Coc,0
m21,Mik,Har,0
m21,Mik,Hen,0
m21,Mik,Hot,0
m21,Mik,Kil,0
m21,Mik,Kit,0
m21,Mik,Koh,0
m21,Mik,Kol,0
m21,Mik,Kun,0
m21,Mik,Kur,0
m21,Mik,Mal,0.5
m21,Mik,Mei,0.25
m21,Mik,Mif,0.5
m21,Mik,Ntm,0
m21,Mik,Ntr,0
m21,Mik,Tam,0
m21,Mik,Ten,0
m21,Mik,Tot,0
m21,Mik,Trt,0
m21,Ntr,Aka,0
m21,Ntr,Ako,0
m21,Ntr,Anz,0
m21,Ntr,Coc,0
m21,Ntr,Har,0
m21,Ntr,Hen,0
m21,Ntr,Hot,0
m21,Ntr,Kil,0
m21,Ntr,Kit,0
m21,Ntr,Koh,0
m21,Ntr,Kol,0
m21,Ntr,Kun,0
m21,Ntr,Kur,0
m21,Ntr,Mal,0
m21,Ntr,Mei,0
m21,Ntr,Mif,0
m21,Ntr,Mik,0
m21,Ntr,Ntm,0.5
m21,Ntr,Tam,0
m21,Ntr,Ten,0
m21,Ntr,Tot,0
m21,Ntr,Trt,0
m21,Tam,Aka,0
m21,Tam,Ako,0
m21,Tam,Anz,0
m21,Tam,Coc,0
m21,Tam,Har,0
m21,Tam,Hen,0
m21,Tam,Hot,0
m21,Tam,Kil,0
m21,Tam,Kit,0
m21,Tam,Koh,0
m21,Tam,Kol,0
m21,Tam,Kun,0
m21,Tam,Kur,0
m21,Tam,Mal,0
m21,Tam,Mei,0
m21,Tam,Mif,0
m21,Tam,Mik,0
m21,Tam,Ntm,0
m21,Tam,Ntr,0
m21,Tam,Ten,0
m21,Tam,Tot,0.25
m21,Tam,Trt,0.0625
m21,Ten,Aka,0
m21,Ten,Ako,0
m21,Ten,Anz,0
m21,Ten,Coc,0
m21,Ten,Har,0
m21,Ten,Hen,0
m21,Ten,Hot,0
m21,Ten,Kil,0
m21,Ten,Kit,0
m21,Ten,Koh,0
m21,Ten,Kol,0
m21,Ten,Kun,0
m21,Ten,Kur,0
m21,Ten,Mal,0
m21,Ten,Mei,0
m21,Ten,Mif,0
m21,Ten,Mik,0
m21,Ten,Ntm,0
m21,Ten,Ntr,0
m21,Ten,Tam,0
m21,Ten,Tot,0
m21,Ten,Trt,0
m21,Tot,Aka,0
m21,Tot,Ako,0
m21,Tot,Anz,0
m21,Tot,Coc,0
m21,Tot,Har,0
m21,Tot,Hen,0
m21,Tot,Hot,0
m21,Tot,Kil,0
m21,Tot,Kit,0
m21,Tot,Koh,0
m21,Tot,Kol,0
m21,Tot,Kun,0
m21,Tot,Kur,0
m21,Tot,Mal,0
m21,Tot,Mei,0
m21,Tot,Mif,0
m21,Tot,Mik,0
m21,Tot,Ntm,0
m21,Tot,Ntr,0
m21,Tot,Tam,0.25
m21,Tot,Ten,0
m21,Tot,Trt,0.0625
